threshold,missed_frauds,false_alarms,fraud_loss_eur,review_cost_eur,total_cost_eur,is_cost_optimal,is_tuned_threshold
0.0,0,56651,0.0,169953.0,169953.0,False,False
0.005,20,9,3785.69,27.0,3812.69,False,False
0.01,20,7,3785.69,21.0,3806.69,True,False
0.015,22,6,3808.4900000000002,18.0,3826.4900000000002,False,False
0.02,22,6,3808.4900000000002,18.0,3826.4900000000002,False,False
0.025,22,5,3808.4900000000002,15.0,3823.4900000000002,False,False
0.03,22,5,3808.4900000000002,15.0,3823.4900000000002,False,False
0.035,22,5,3808.4900000000002,15.0,3823.4900000000002,False,False
0.04,22,5,3808.4900000000002,15.0,3823.4900000000002,False,False
0.045,22,5,3808.4900000000002,15.0,3823.4900000000002,False,False
0.05,22,5,3808.4900000000002,15.0,3823.4900000000002,False,False
0.055,22,4,3808.4900000000002,12.0,3820.4900000000002,False,False
0.06,22,4,3808.4900000000002,12.0,3820.4900000000002,False,False
0.065,22,4,3808.4900000000002,12.0,3820.4900000000002,False,False
0.07,22,4,3808.4900000000002,12.0,3820.4900000000002,False,False
0.075,22,4,3808.4900000000002,12.0,3820.4900000000002,False,False
0.08,22,4,3808.4900000000002,12.0,3820.4900000000002,False,False
0.085,22,4,3808.4900000000002,12.0,3820.4900000000002,False,False
0.09,22,4,3808.4900000000002,12.0,3820.4900000000002,False,False
0.095,22,4,3808.4900000000002,12.0,3820.4900000000002,False,False
0.1,22,4,3808.4900000000002,12.0,3820.4900000000002,False,False
0.105,22,4,3808.4900000000002,12.0,3820.4900000000002,False,False
0.11,22,4,3808.4900000000002,12.0,3820.4900000000002,False,False
0.115,22,4,3808.4900000000002,12.0,3820.4900000000002,False,False
0.12,22,4,3808.4900000000002,12.0,3820.4900000000002,False,False
0.125,22,4,3808.4900000000002,12.0,3820.4900000000002,False,False
0.13,22,4,3808.4900000000002,12.0,3820.4900000000002,False,False
0.135,23,4,3809.49,12.0,3821.49,False,False
0.14,23,4,3809.49,12.0,3821.49,False,False
0.145,23,3,3809.49,9.0,3818.49,False,False
0.15,23,3,3809.49,9.0,3818.49,False,False
0.155,23,3,3809.49,9.0,3818.49,False,False
0.16,23,3,3809.49,9.0,3818.49,False,False
0.165,23,3,3809.49,9.0,3818.49,False,False
0.17,23,3,3809.49,9.0,3818.49,False,False
0.175,23,3,3809.49,9.0,3818.49,False,False
0.18,23,3,3809.49,9.0,3818.49,False,False
0.185,23,3,3809.49,9.0,3818.49,False,False
0.19,23,3,3809.49,9.0,3818.49,False,False
0.195,23,3,3809.49,9.0,3818.49,False,False
0.2,23,3,3809.49,9.0,3818.49,False,False
0.205,23,3,3809.49,9.0,3818.49,False,False
0.21,23,3,3809.49,9.0,3818.49,False,False
0.215,23,3,3809.49,9.0,3818.49,False,False
0.22,23,3,3809.49,9.0,3818.49,False,False
0.225,24,3,3813.2799999999997,9.0,3822.2799999999997,False,False
0.23,24,3,3813.2799999999997,9.0,3822.2799999999997,False,False
0.235,24,3,3813.2799999999997,9.0,3822.2799999999997,False,False
0.24,24,3,3813.2799999999997,9.0,3822.2799999999997,False,False
0.245,24,3,3813.2799999999997,9.0,3822.2799999999997,False,False
0.25,24,3,3813.2799999999997,9.0,3822.2799999999997,False,False
0.255,24,3,3813.2799999999997,9.0,3822.2799999999997,False,False
0.26,24,3,3813.2799999999997,9.0,3822.2799999999997,False,False
0.265,24,3,3813.2799999999997,9.0,3822.2799999999997,False,False
0.27,24,3,3813.2799999999997,9.0,3822.2799999999997,False,False
0.275,24,3,3813.2799999999997,9.0,3822.2799999999997,False,False
0.28,24,3,3813.2799999999997,9.0,3822.2799999999997,False,False
0.285,24,3,3813.2799999999997,9.0,3822.2799999999997,False,False
0.29,24,3,3813.2799999999997,9.0,3822.2799999999997,False,False
0.295,24,3,3813.2799999999997,9.0,3822.2799999999997,False,False
0.3,24,3,3813.2799999999997,9.0,3822.2799999999997,False,False
0.305,24,3,3813.2799999999997,9.0,3822.2799999999997,False,False
0.31,24,3,3813.2799999999997,9.0,3822.2799999999997,False,False
0.315,25,3,3813.2799999999997,9.0,3822.2799999999997,False,False
0.32,25,3,3813.2799999999997,9.0,3822.2799999999997,False,False
0.325,25,3,3813.2799999999997,9.0,3822.2799999999997,False,False
0.33,25,3,3813.2799999999997,9.0,3822.2799999999997,False,False
0.335,25,3,3813.2799999999997,9.0,3822.2799999999997,False,False
0.34,25,3,3813.2799999999997,9.0,3822.2799999999997,False,False
0.345,25,3,3813.2799999999997,9.0,3822.2799999999997,False,False
0.35,25,3,3813.2799999999997,9.0,3822.2799999999997,False,False
0.355,25,2,3813.2799999999997,6.0,3819.2799999999997,False,False
0.36,25,2,3813.2799999999997,6.0,3819.2799999999997,False,False
0.365,25,2,3813.2799999999997,6.0,3819.2799999999997,False,False
0.37,25,2,3813.2799999999997,6.0,3819.2799999999997,False,False
0.375,25,2,3813.2799999999997,6.0,3819.2799999999997,False,False
0.38,25,2,3813.2799999999997,6.0,3819.2799999999997,False,False
0.385,25,2,3813.2799999999997,6.0,3819.2799999999997,False,False
0.39,25,2,3813.2799999999997,6.0,3819.2799999999997,False,False
0.395,25,2,3813.2799999999997,6.0,3819.2799999999997,False,False
0.4,25,2,3813.2799999999997,6.0,3819.2799999999997,False,False
0.405,25,2,3813.2799999999997,6.0,3819.2799999999997,False,False
0.41,25,2,3813.2799999999997,6.0,3819.2799999999997,False,False
0.415,25,2,3813.2799999999997,6.0,3819.2799999999997,False,False
0.42,25,2,3813.2799999999997,6.0,3819.2799999999997,False,False
0.425,25,2,3813.2799999999997,6.0,3819.2799999999997,False,False
0.43,25,2,3813.2799999999997,6.0,3819.2799999999997,False,False
0.435,25,2,3813.2799999999997,6.0,3819.2799999999997,False,False
0.44,25,2,3813.2799999999997,6.0,3819.2799999999997,False,False
0.445,25,2,3813.2799999999997,6.0,3819.2799999999997,False,False
0.45,25,2,3813.2799999999997,6.0,3819.2799999999997,False,False
0.455,25,2,3813.2799999999997,6.0,3819.2799999999997,False,False
0.46,25,2,3813.2799999999997,6.0,3819.2799999999997,False,False
0.465,25,2,3813.2799999999997,6.0,3819.2799999999997,False,False
0.47,25,2,3813.2799999999997,6.0,3819.2799999999997,False,False
0.475,25,2,3813.2799999999997,6.0,3819.2799999999997,False,False
0.48,25,2,3813.2799999999997,6.0,3819.2799999999997,False,False
0.485,25,2,3813.2799999999997,6.0,3819.2799999999997,False,False
0.49,25,2,3813.2799999999997,6.0,3819.2799999999997,False,False
0.495,25,2,3813.2799999999997,6.0,3819.2799999999997,False,False
0.5,25,2,3813.2799999999997,6.0,3819.2799999999997,False,False
0.505,25,2,3813.2799999999997,6.0,3819.2799999999997,False,False
0.51,25,2,3813.2799999999997,6.0,3819.2799999999997,False,False
0.515,25,2,3813.2799999999997,6.0,3819.2799999999997,False,False
0.52,25,2,3813.2799999999997,6.0,3819.2799999999997,False,False
0.525,25,2,3813.2799999999997,6.0,3819.2799999999997,False,False
0.53,25,2,3813.2799999999997,6.0,3819.2799999999997,False,False
0.535,25,2,3813.2799999999997,6.0,3819.2799999999997,False,False
0.54,25,2,3813.2799999999997,6.0,3819.2799999999997,False,False
0.545,25,2,3813.2799999999997,6.0,3819.2799999999997,False,False
0.55,25,2,3813.2799999999997,6.0,3819.2799999999997,False,False
0.555,25,2,3813.2799999999997,6.0,3819.2799999999997,False,False
0.56,25,2,3813.2799999999997,6.0,3819.2799999999997,False,False
0.565,25,2,3813.2799999999997,6.0,3819.2799999999997,False,False
0.57,25,2,3813.2799999999997,6.0,3819.2799999999997,False,False
0.575,25,2,3813.2799999999997,6.0,3819.2799999999997,False,False
0.58,25,2,3813.2799999999997,6.0,3819.2799999999997,False,False
0.585,25,2,3813.2799999999997,6.0,3819.2799999999997,False,False
0.59,25,2,3813.2799999999997,6.0,3819.2799999999997,False,False
0.595,25,2,3813.2799999999997,6.0,3819.2799999999997,False,False
0.6,25,2,3813.2799999999997,6.0,3819.2799999999997,False,False
0.605,25,2,3813.2799999999997,6.0,3819.2799999999997,False,False
0.61,25,2,3813.2799999999997,6.0,3819.2799999999997,False,False
0.615,25,2,3813.2799999999997,6.0,3819.2799999999997,False,False
0.62,25,2,3813.2799999999997,6.0,3819.2799999999997,False,False
0.625,25,2,3813.2799999999997,6.0,3819.2799999999997,False,False
0.63,25,2,3813.2799999999997,6.0,3819.2799999999997,False,False
0.635,25,2,3813.2799999999997,6.0,3819.2799999999997,False,True
0.64,25,2,3813.2799999999997,6.0,3819.2799999999997,False,False
0.645,25,2,3813.2799999999997,6.0,3819.2799999999997,False,False
0.65,25,2,3813.2799999999997,6.0,3819.2799999999997,False,False
0.655,25,2,3813.2799999999997,6.0,3819.2799999999997,False,False
0.66,25,2,3813.2799999999997,6.0,3819.2799999999997,False,False
0.665,25,2,3813.2799999999997,6.0,3819.2799999999997,False,False
0.67,25,2,3813.2799999999997,6.0,3819.2799999999997,False,False
0.675,25,2,3813.2799999999997,6.0,3819.2799999999997,False,False
0.68,25,2,3813.2799999999997,6.0,3819.2799999999997,False,False
0.685,25,2,3813.2799999999997,6.0,3819.2799999999997,False,False
0.69,25,2,3813.2799999999997,6.0,3819.2799999999997,False,False
0.695,25,2,3813.2799999999997,6.0,3819.2799999999997,False,False
0.7,25,2,3813.2799999999997,6.0,3819.2799999999997,False,False
0.705,25,2,3813.2799999999997,6.0,3819.2799999999997,False,False
0.71,25,2,3813.2799999999997,6.0,3819.2799999999997,False,False
0.715,25,2,3813.2799999999997,6.0,3819.2799999999997,False,False
0.72,25,2,3813.2799999999997,6.0,3819.2799999999997,False,False
0.725,25,2,3813.2799999999997,6.0,3819.2799999999997,False,False
0.73,25,2,3813.2799999999997,6.0,3819.2799999999997,False,False
0.735,25,2,3813.2799999999997,6.0,3819.2799999999997,False,False
0.74,25,2,3813.2799999999997,6.0,3819.2799999999997,False,False
0.745,25,2,3813.2799999999997,6.0,3819.2799999999997,False,False
0.75,25,2,3813.2799999999997,6.0,3819.2799999999997,False,False
0.755,25,2,3813.2799999999997,6.0,3819.2799999999997,False,False
0.76,25,2,3813.2799999999997,6.0,3819.2799999999997,False,False
0.765,25,2,3813.2799999999997,6.0,3819.2799999999997,False,False
0.77,25,2,3813.2799999999997,6.0,3819.2799999999997,False,False
0.775,25,2,3813.2799999999997,6.0,3819.2799999999997,False,False
0.78,25,2,3813.2799999999997,6.0,3819.2799999999997,False,False
0.785,25,2,3813.2799999999997,6.0,3819.2799999999997,False,False
0.79,25,2,3813.2799999999997,6.0,3819.2799999999997,False,False
0.795,25,2,3813.2799999999997,6.0,3819.2799999999997,False,False
0.8,25,2,3813.2799999999997,6.0,3819.2799999999997,False,False
0.805,25,2,3813.2799999999997,6.0,3819.2799999999997,False,False
0.81,25,2,3813.2799999999997,6.0,3819.2799999999997,False,False
0.815,25,2,3813.2799999999997,6.0,3819.2799999999997,False,False
0.82,25,2,3813.2799999999997,6.0,3819.2799999999997,False,False
0.825,25,2,3813.2799999999997,6.0,3819.2799999999997,False,False
0.83,25,2,3813.2799999999997,6.0,3819.2799999999997,False,False
0.835,25,2,3813.2799999999997,6.0,3819.2799999999997,False,False
0.84,25,2,3813.2799999999997,6.0,3819.2799999999997,False,False
0.845,25,2,3813.2799999999997,6.0,3819.2799999999997,False,False
0.85,25,2,3813.2799999999997,6.0,3819.2799999999997,False,False
0.855,25,2,3813.2799999999997,6.0,3819.2799999999997,False,False
0.86,25,2,3813.2799999999997,6.0,3819.2799999999997,False,False
0.865,25,2,3813.2799999999997,6.0,3819.2799999999997,False,False
0.87,25,2,3813.2799999999997,6.0,3819.2799999999997,False,False
0.875,26,2,4053.2099999999996,6.0,4059.2099999999996,False,False
0.88,26,2,4053.2099999999996,6.0,4059.2099999999996,False,False
0.885,26,2,4053.2099999999996,6.0,4059.2099999999996,False,False
0.89,26,2,4053.2099999999996,6.0,4059.2099999999996,False,False
0.895,26,2,4053.2099999999996,6.0,4059.2099999999996,False,False
0.9,26,2,4053.2099999999996,6.0,4059.2099999999996,False,False
0.905,26,2,4053.2099999999996,6.0,4059.2099999999996,False,False
0.91,26,2,4053.2099999999996,6.0,4059.2099999999996,False,False
0.915,26,2,4053.2099999999996,6.0,4059.2099999999996,False,False
0.92,26,2,4053.2099999999996,6.0,4059.2099999999996,False,False
0.925,26,2,4053.2099999999996,6.0,4059.2099999999996,False,False
0.93,26,2,4053.2099999999996,6.0,4059.2099999999996,False,False
0.935,26,2,4053.2099999999996,6.0,4059.2099999999996,False,False
0.94,26,2,4053.2099999999996,6.0,4059.2099999999996,False,False
0.945,26,2,4053.2099999999996,6.0,4059.2099999999996,False,False
0.95,26,2,4053.2099999999996,6.0,4059.2099999999996,False,False
0.955,26,2,4053.2099999999996,6.0,4059.2099999999996,False,False
0.96,26,2,4053.2099999999996,6.0,4059.2099999999996,False,False
0.965,26,2,4053.2099999999996,6.0,4059.2099999999996,False,False
0.97,26,2,4053.2099999999996,6.0,4059.2099999999996,False,False
0.975,26,2,4053.2099999999996,6.0,4059.2099999999996,False,False
0.98,26,2,4053.2099999999996,6.0,4059.2099999999996,False,False
0.985,26,2,4053.2099999999996,6.0,4059.2099999999996,False,False
0.99,26,2,4053.2099999999996,6.0,4059.2099999999996,False,False
0.995,26,2,4053.2099999999996,6.0,4059.2099999999996,False,False
1.0,95,0,14766.310000000001,0.0,14766.310000000001,False,False
